file_path,directory,extension,size_bytes
.gitignore,.,,104
ARCHITECTURE.md,.,.md,8377
COMPLEXITY_ANALYSIS.md,.,.md,3110
END_TO_END_AUDIT.md,.,.md,7914
FINAL_QUANTUM_ARCHITECTURE.md,.,.md,6257
LEVEL_3_BASELINE.md,.,.md,2524
LEVEL_4_CLASSICAL_BENCHMARK_REPORT.md,.,.md,2245
LEVEL_4_NEXT_ACTIONS.md,.,.md,1879
LEVEL_4_TWO_PHASE_RESEARCH_PLAN.md,.,.md,6127
LEVEL_5_INDEPENDENT_SCIENTIFIC_AUDIT.md,.,.md,10407
LEVEL_5_QUANTUM_VALIDATION_REPORT.md,.,.md,2014
LEVEL_5_RESEARCH_REPORT.md,.,.md,6656
LEVEL_6_RESEARCH_REPORT.md,.,.md,6088
LIMITATIONS.md,.,.md,4104
OLD_TO_NEW_FILE_MAPPING.csv,.,.csv,190472
OLD_vs_NEW_QLBM_FORENSIC_COMPARISON.md,.,.md,19706
PRODUCTION_STATUS.md,.,.md,4397
QUANTUM_CIRCUITS.md,.,.md,3832
README.md,.,.md,5123
VALIDATION_REPORT.md,.,.md,2878
backends/__init__.py,backends,.py,0
backends/aer_backend.py,backends,.py,773
backends/fake_ibm_backend.py,backends,.py,193
backends/select_backend.py,backends,.py,728
classical/__init__.py,classical,.py,0
classical/benchmarks/__init__.py,classical/benchmarks,.py,158
classical/benchmarks/martin_moyce_data.py,classical/benchmarks,.py,2986
classical/boundary.py,classical,.py,1094
classical/d2q9.py,classical,.py,883
classical/equilibrium.py,classical,.py,1435
classical/level4_two_phase.py,classical,.py,8366
classical/reference_solver.py,classical,.py,4286
classical/streaming.py,classical,.py,501
classical/two_phase.py,classical,.py,6630
config.py,.,.py,624
conftest.py,.,.py,84
docs/DIRECT_ENCODING_BASELINE_FREEZE.md,docs,.md,2706
docs/F21_FORENSIC_AUDIT.md,docs,.md,12408
docs/F22_CHANNEL_VALIDATION.md,docs,.md,7745
docs/F23_FULL_QUANTUM_LBM_EQUIVALENCE.md,docs,.md,7502
docs/F24_QUANTUM_CHANNEL_IMPLEMENTATION_FORENSICS.md,docs,.md,7663
docs/F25_GATE_LEVEL_BGK_CSF_FEASIBILITY.md,docs,.md,7705
docs/F26_RESOURCE_OPTIMIZED_TWO_PHASE_QLBM.md,docs,.md,6453
docs/F27_ENVIRONMENT_SEMANTICS.md,docs,.md,2435
docs/F27_GATE_LEVEL_LOCAL_CIRCUIT_VALIDATION.md,docs,.md,6184
docs/F27_PREIMPLEMENTATION_AUDIT.md,docs,.md,4037
docs/F27_REGISTER_SPECIFICATION.md,docs,.md,3505
docs/F28_2X2_CIRCUIT_ARCHITECTURE.md,docs,.md,2651
docs/F28_END_TO_END_VALIDATION.md,docs,.md,8188
docs/F28_ENVIRONMENT_REUSE_AUDIT.md,docs,.md,2440
docs/F28_F27_CLAIM_AUDIT.md,docs,.md,3550
docs/F29_CLAIM_AUDIT.md,docs,.md,3577
docs/F29_END_TO_END_VALIDATION.md,docs,.md,7716
docs/F29_PREIMPLEMENTATION_AUDIT.md,docs,.md,2222
docs/F29_REGISTER_SPECIFICATION.md,docs,.md,3356
docs/F30_AUTONOMY_AUDIT.md,docs,.md,1852
docs/F30_CLAIM_AUDIT.md,docs,.md,3476
docs/F30_PREIMPLEMENTATION_AUDIT.md,docs,.md,2146
docs/F30_SCALING_RESOURCE_VALIDATION.md,docs,.md,7939
docs/F31_ARITHMETIC_OPTIMIZATION.md,docs,.md,2463
docs/F31_AUTONOMY_AUDIT.md,docs,.md,1449
docs/F31_CLAIM_AUDIT.md,docs,.md,3494
docs/F31_ENVIRONMENT_COMPRESSION.md,docs,.md,2363
docs/F31_PREIMPLEMENTATION_AUDIT.md,docs,.md,3260
docs/F31_RESOURCE_COMPARISON.md,docs,.md,1775
docs/F31_RESOURCE_REDUCTION_VALIDATION.md,docs,.md,6037
docs/F31_WORKSPACE_AUDIT.md,docs,.md,2195
docs/F33_CLAIM_AUDIT.md,docs,.md,2902
docs/F33_FINAL_VALIDATION.md,docs,.md,4768
docs/F33_HARDWARE_PARAMETER_SET.md,docs,.md,1610
docs/F33_HARDWARE_TARGET.md,docs,.md,1499
docs/F33_MULTI_TIMESTEP.md,docs,.md,1088
docs/F33_NOISE_VALIDATION.md,docs,.md,1191
docs/F33_OBSERVABLE_EXTRACTION.md,docs,.md,1278
docs/F33_PREIMPLEMENTATION_AUDIT.md,docs,.md,2108
docs/F33_QPU_EXECUTION.md,docs,.md,1333
docs/F33_STATE_PREPARATION.md,docs,.md,1243
docs/F33_TRANSPILATION_REPORT.md,docs,.md,1375
docs/F34_BACKEND_SELECTION.md,docs,.md,989
docs/F34_CLAIM_AUDIT.md,docs,.md,2874
docs/F34_CLASSICAL_COMPARISON.md,docs,.md,1150
docs/F34_FINAL_VALIDATION.md,docs,.md,4535
docs/F34_HARDWARE_EXECUTION.md,docs,.md,862
docs/F34_MEASUREMENT.md,docs,.md,1299
docs/F34_MULTI_TIMESTEP.md,docs,.md,915
docs/F34_NOISE_ANALYSIS.md,docs,.md,1259
docs/F34_PREIMPLEMENTATION_AUDIT.md,docs,.md,2413
docs/F34_QPU_RESULTS.md,docs,.md,1354
docs/F34_STATE_PREPARATION.md,docs,.md,962
docs/F34_TRANSPILATION.md,docs,.md,1204
docs/F35_BACKEND_DISCOVERY.md,docs,.md,1024
docs/F35_CIRCUIT_INTEGRITY.md,docs,.md,1597
docs/F35_CLAIM_AUDIT.md,docs,.md,2874
docs/F35_FINAL_VALIDATION.md,docs,.md,4269
docs/F35_NOISE_ANALYSIS.md,docs,.md,1178
docs/F35_PREIMPLEMENTATION_AUDIT.md,docs,.md,1508
docs/F35_PROVIDER_AUDIT.md,docs,.md,1222
docs/F35_SAFETY_GUARD.md,docs,.md,872
docs/F36_BACKEND_DISCOVERY.md,docs,.md,1019
docs/F36_CIRCUIT_INTEGRITY.md,docs,.md,1574
docs/F36_CLAIM_AUDIT.md,docs,.md,2874
docs/F36_FINAL_VALIDATION.md,docs,.md,4029
docs/F36_NOISE_ANALYSIS.md,docs,.md,1188
docs/F36_PREIMPLEMENTATION_AUDIT.md,docs,.md,1535
docs/F36_PROVIDER_AUDIT.md,docs,.md,1222
docs/F36_SAFETY_GUARD.md,docs,.md,842
docs/F37_BACKEND_DISCOVERY.md,docs,.md,1033
docs/F37_CIRCUIT_INTEGRITY.md,docs,.md,1582
docs/F37_CLAIM_AUDIT.md,docs,.md,2874
docs/F37_FINAL_VALIDATION.md,docs,.md,4225
docs/F37_IBM_ACCESS_GUIDE.md,docs,.md,2357
docs/F37_NOISE_ANALYSIS.md,docs,.md,1188
docs/F37_PREIMPLEMENTATION_AUDIT.md,docs,.md,1565
docs/F37_SAFETY_GUARD.md,docs,.md,836
docs/F38_CLAIM_AUDIT.md,docs,.md,2874
docs/F38_PREIMPLEMENTATION_AUDIT.md,docs,.md,1600
docs/F38_REAL_QPU_VALIDATION.md,docs,.md,3882
docs/LEVEL_5_AUDIT_LEVEL4_REDERIVATION.md,docs,.md,5972
docs/LEVEL_5_CARLEMAN_DESIGN.md,docs,.md,2625
docs/LEVEL_5_COUPLED_NONLINEAR_FORMULATION.md,docs,.md,3403
docs/LEVEL_5_COUPLED_STATE.md,docs,.md,3048
docs/LEVEL_5_EXISTING_TWO_PHASE_MODEL.md,docs,.md,4884
docs/LEVEL_5_GLOBAL_LINEAR_SYSTEM.md,docs,.md,2544
docs/LEVEL_6A_IMPLEMENTATION_REPORT.md,docs,.md,2906
docs/LEVEL_6A_MATHEMATICAL_DERIVATION.md,docs,.md,3964
docs/LEVEL_6A_RESOURCE_ANALYSIS.md,docs,.md,2649
docs/LEVEL_6A_R_ARCHITECTURE_COMPARISON.md,docs,.md,3237
docs/LEVEL_6A_R_BLOCK_ENCODING_ANALYSIS.md,docs,.md,3478
docs/LEVEL_6A_R_DECISION_GATE.md,docs,.md,3342
docs/LEVEL_6A_R_MATHEMATICAL_RESOLUTION.md,docs,.md,11492
docs/LEVEL_6A_R_RESOURCE_ANALYSIS.md,docs,.md,2672
docs/LEVEL_6A_R_STREAMING_DERIVATION.md,docs,.md,5024
docs/LEVEL_6A_STABILITY_ANALYSIS.md,docs,.md,8373
docs/LEVEL_6B_ARCHITECTURE.md,docs,.md,4588
docs/LEVEL_6B_CLAIM_AUDIT.md,docs,.md,4086
docs/LEVEL_6B_ERROR_BUDGET.md,docs,.md,2022
docs/LEVEL_6B_ERROR_ORIGIN_ANALYSIS.md,docs,.md,4660
docs/LEVEL_6B_FINAL_RESEARCH_DIARY.md,docs,.md,11143
docs/LEVEL_6B_FINAL_SCIENTIFIC_STATUS.md,docs,.md,11176
docs/LEVEL_6B_HARDWARE_READINESS.md,docs,.md,1134
docs/LEVEL_6B_IMPLEMENTATION_REPORT.md,docs,.md,2756
docs/LEVEL_6B_LIMITATIONS.md,docs,.md,1596
docs/LEVEL_6B_MATHEMATICAL_FORMULATION.md,docs,.md,3360
docs/LEVEL_6B_PROFESSOR_SUMMARY.md,docs,.md,6138
docs/LEVEL_6B_QUANTUM_CLASSICAL_INTERFACE.md,docs,.md,1792
docs/LEVEL_6B_RESOURCE_ANALYSIS.md,docs,.md,1562
docs/LEVEL_6B_SCIENTIFIC_AUDIT.md,docs,.md,7323
docs/LEVEL_6B_VALIDATION_REPORT.md,docs,.md,2562
docs/LEVEL_6_ARCHITECTURE_COMPARISON.md,docs,.md,3162
docs/LEVEL_6_BASELINE_AUDIT.md,docs,.md,4659
docs/LEVEL_6_ERROR_ANALYSIS.md,docs,.md,3070
docs/LEVEL_6_EXACT_LEVEL4_DEPENDENCY_GRAPH.md,docs,.md,8484
docs/LEVEL_6_GLOBAL_QSVT_ARCHITECTURE.md,docs,.md,3646
docs/LEVEL_6_HQC_ARCHITECTURE.md,docs,.md,7001
docs/LEVEL_6_IMPLEMENTATION_PLAN.md,docs,.md,2461
docs/LEVEL_6_LITERATURE_NOVELTY.md,docs,.md,2474
docs/LEVEL_6_LOCAL_CARLEMAN_ARCHITECTURE.md,docs,.md,4630
docs/LEVEL_6_MULTITIMESTEP_ANALYSIS.md,docs,.md,2489
docs/LEVEL_6_POLYNOMIALIZATION_ANALYSIS.md,docs,.md,4439
docs/LEVEL_6_RESOURCE_ANALYSIS.md,docs,.md,1813
docs/LEVEL_6_SCIENTIFIC_INTEGRITY.md,docs,.md,3286
docs/LEVEL_6_SURFACE_TENSION_ANALYSIS.md,docs,.md,2879
docs/LEVEL_6_TARGET_ARCHITECTURE.md,docs,.md,6472
docs/LEVEL_7_ADVISOR_READY_SUMMARY.md,docs,.md,4890
docs/LEVEL_7_ADVISOR_SUMMARY.md,docs,.md,4352
docs/LEVEL_7_ARCHITECTURE_CANDIDATES.md,docs,.md,2955
docs/LEVEL_7_ARCHITECTURE_DECISION.md,docs,.md,1817
docs/LEVEL_7_BLOCK_ENCODING_COMPOSITION.md,docs,.md,1955
docs/LEVEL_7_COHERENCE_CLAIM_AUDIT.md,docs,.md,3780
docs/LEVEL_7_COHERENT_STREAMING.md,docs,.md,1741
docs/LEVEL_7_CSF_ANALYSIS.md,docs,.md,1956
docs/LEVEL_7_FINAL_CLAIM_AUDIT.md,docs,.md,3815
docs/LEVEL_7_FINAL_CLAIM_MATRIX.md,docs,.md,2652
docs/LEVEL_7_FINAL_CLAIM_MATRIX_HARDENED.md,docs,.md,3515
docs/LEVEL_7_FINAL_HARDENING_AUDIT.md,docs,.md,3587
docs/LEVEL_7_FINAL_LITERATURE_AUDIT.md,docs,.md,4222
docs/LEVEL_7_FINAL_RESEARCH_POSITION.md,docs,.md,4776
docs/LEVEL_7_FINAL_SCIENTIFIC_STATUS.md,docs,.md,4546
docs/LEVEL_7_FINAL_THESIS_DEFENSE_STATUS.md,docs,.md,7814
docs/LEVEL_7_IMPLEMENTATION_REPORT.md,docs,.md,2250
docs/LEVEL_7_LEVEL8_DECISION.md,docs,.md,2059
docs/LEVEL_7_LIMITATIONS.md,docs,.md,1643
docs/LEVEL_7_LITERATURE_NOVELTY.md,docs,.md,2187
docs/LEVEL_7_MATHEMATICAL_INVESTIGATION.md,docs,.md,3597
docs/LEVEL_7_MULTISTEP_HARDENING.md,docs,.md,2273
docs/LEVEL_7_NORMALIZATION_RECONCILIATION.md,docs,.md,2307
docs/LEVEL_7_NOVELTY_MATRIX.md,docs,.md,3006
docs/LEVEL_7_NOVELTY_MATRIX_FINAL.md,docs,.md,2947
docs/LEVEL_7_OAA_ANALYSIS.md,docs,.md,3091
docs/LEVEL_7_RESEARCH_DIARY.md,docs,.md,6517
docs/LEVEL_7_RESEARCH_QUESTION.md,docs,.md,2376
docs/LEVEL_7_RESOURCE_ANALYSIS.md,docs,.md,1826
docs/LEVEL_7_RESOURCE_AUDIT.md,docs,.md,3040
docs/LEVEL_7_TENSOR_INVARIANCE.md,docs,.md,1787
docs/LEVEL_7_THESIS_CONTRIBUTIONS.md,docs,.md,4067
docs/LEVEL_7_THESIS_DEFENSE_QA.md,docs,.md,11630
docs/PHASE_F0_BASELINE_AUDIT.md,docs,.md,3051
docs/PHASE_F10_BASELINE_FREEZE.md,docs,.md,871
docs/PHASE_F10_BOUNDARY_ARCHITECTURE.md,docs,.md,3291
docs/PHASE_F10_BOUNDARY_AUDIT.md,docs,.md,2693
docs/PHASE_F10_PHYSICAL_VALIDATION.md,docs,.md,4483
docs/PHASE_F11_BASELINE_FREEZE.md,docs,.md,870
docs/PHASE_F11_ERROR_LOCALIZATION.md,docs,.md,3652
docs/PHASE_F11_MULTIPHASE_COUPLING.md,docs,.md,2403
docs/PHASE_F11_QUANTUM_HYBRID_CLASSIFICATION.md,docs,.md,4236
docs/PHASE_F11_SCALED_DAMBREAK_VALIDATION.md,docs,.md,3235
docs/PHASE_F12_AUTONOMOUS_SOLVER_AUDIT.md,docs,.md,4217
docs/PHASE_F12_BASELINE_FREEZE.md,docs,.md,889
docs/PHASE_F12_COHERENT_TIMESTEP.md,docs,.md,1852
docs/PHASE_F12_PARAMETER_ORACLE.md,docs,.md,2186
docs/PHASE_F12_QUANTUM_FORCE.md,docs,.md,1456
docs/PHASE_F12_QUANTUM_MOMENTS.md,docs,.md,2243
docs/PHASE_F13_AUTONOMOUS_AUDIT.md,docs,.md,6051
docs/PHASE_F13_BASELINE_FREEZE.md,docs,.md,2384
docs/PHASE_F13_COHERENT_COLLISION.md,docs,.md,1075
docs/PHASE_F13_COHERENT_FORCE.md,docs,.md,1203
docs/PHASE_F13_COHERENT_MOMENTS.md,docs,.md,1796
docs/PHASE_F13_COHERENT_PARAMETERS.md,docs,.md,1258
docs/PHASE_F13_COHERENT_TIMESTEP.md,docs,.md,2041
docs/PHASE_F14_FORENSIC_AUDIT.md,docs,.md,3524
docs/PHASE_F14_MATHEMATICAL_VALIDATION.md,docs,.md,2914
docs/PHASE_F14_QUANTUM_ONLY_ARCHITECTURE.md,docs,.md,2144
docs/PHASE_F15_AUTONOMOUS_ARCHITECTURE.md,docs,.md,1821
docs/PHASE_F15_CARLEMAN_ANALYSIS.md,docs,.md,1747
docs/PHASE_F15_ERROR_ANALYSIS.md,docs,.md,1434
docs/PHASE_F15_FINAL_AUDIT.md,docs,.md,3810
docs/PHASE_F15_FORENSIC_GATE.md,docs,.md,5840
docs/PHASE_F15_MATHEMATICAL_FORMULATION.md,docs,.md,1981
docs/PHASE_F15_QUANTUM_EMBEDDING.md,docs,.md,1092
docs/PHASE_F15_RESOURCE_ANALYSIS.md,docs,.md,1585
docs/PHASE_F16_ARCHITECTURE_COMPARISON.md,docs,.md,1290
docs/PHASE_F16_AUTONOMY_DEFINITION.md,docs,.md,1689
docs/PHASE_F16_CARLEMAN_ROUTE.md,docs,.md,1850
docs/PHASE_F16_CSF_INVESTIGATION.md,docs,.md,1155
docs/PHASE_F16_ENCODING_ROUTE.md,docs,.md,1519
docs/PHASE_F16_FINAL_DECISION.md,docs,.md,3890
docs/PHASE_F16_MATHEMATICAL_INVESTIGATION.md,docs,.md,2928
docs/PHASE_F16_QSVT_ROUTE.md,docs,.md,1676
docs/PHASE_F16_REVERSIBLE_ARITHMETIC_ROUTE.md,docs,.md,2119
docs/PHASE_F16_REVERSIBLE_COLLISION_ROUTE.md,docs,.md,1283
docs/PHASE_F17_AUTONOMOUS_ARCHITECTURE.md,docs,.md,1999
docs/PHASE_F17_AUTONOMY_AUDIT.md,docs,.md,1850
docs/PHASE_F17_ERROR_ANALYSIS.md,docs,.md,1793
docs/PHASE_F17_FINAL_AUDIT.md,docs,.md,3754
docs/PHASE_F17_FIXED_POINT_MODEL.md,docs,.md,1517
docs/PHASE_F17_RESOURCE_ANALYSIS.md,docs,.md,1305
docs/PHASE_F17_REVERSIBLE_COLLISION.md,docs,.md,1949
docs/PHASE_F17_REVERSIBLE_PRIMITIVES.md,docs,.md,1360
docs/PHASE_F18_AUTONOMY_AUDIT.md,docs,.md,1435
docs/PHASE_F18_BIJECTIVITY_ANALYSIS.md,docs,.md,1866
docs/PHASE_F18_CSF_AUDIT.md,docs,.md,1746
docs/PHASE_F18_FINAL_DECISION.md,docs,.md,3649
docs/PHASE_F18_FORENSIC_AUDIT.md,docs,.md,1582
docs/PHASE_F18_PHYSICAL_EQUIVALENCE.md,docs,.md,1343
docs/PHASE_F18_RESOURCE_AUDIT.md,docs,.md,1036
docs/PHASE_F18_REVERSIBILITY_ANALYSIS.md,docs,.md,1239
docs/PHASE_F18_TWO_PHASE_AUDIT.md,docs,.md,857
docs/PHASE_F19_AUTONOMY_AUDIT.md,docs,.md,1282
docs/PHASE_F19_BGK_INFORMATION_LOSS.md,docs,.md,1553
docs/PHASE_F19_COMPUTE_OUTPUT.md,docs,.md,1040
docs/PHASE_F19_CSF_AUDIT.md,docs,.md,882
docs/PHASE_F19_ENVIRONMENT_EMBEDDING.md,docs,.md,1019
docs/PHASE_F19_FINAL_DECISION.md,docs,.md,3260
docs/PHASE_F19_INFORMATION_ACCOUNTING.md,docs,.md,1071
docs/PHASE_F19_MASTER_REPORT.md,docs,.md,1905
docs/PHASE_F19_MODE_RETENTION.md,docs,.md,887
docs/PHASE_F19_PHYSICAL_EQUIVALENCE.md,docs,.md,1101
docs/PHASE_F19_RESOURCE_AUDIT.md,docs,.md,913
docs/PHASE_F19_SUPERPOSITION_ANALYSIS.md,docs,.md,986
docs/PHASE_F19_TWO_PHASE_AUDIT.md,docs,.md,751
docs/PHASE_F20_BGK_CHANNEL_DEFINITION.md,docs,.md,1675
docs/PHASE_F20_CHOI_AUDIT.md,docs,.md,1245
docs/PHASE_F20_ENTANGLEMENT_AUDIT.md,docs,.md,1027
docs/PHASE_F20_ENVIRONMENT_AUDIT.md,docs,.md,902
docs/PHASE_F20_FINAL_DECISION.md,docs,.md,3537
docs/PHASE_F20_KRAUS_DERIVATION.md,docs,.md,1018
docs/PHASE_F20_MASTER_REPORT.md,docs,.md,2225
docs/PHASE_F20_MULTISTEP_AUDIT.md,docs,.md,1035
docs/PHASE_F20_RESOURCE_AUDIT.md,docs,.md,905
docs/PHASE_F20_SUPERPOSITION_AUDIT.md,docs,.md,1039
docs/PHASE_F20_TWO_PHASE_AUDIT.md,docs,.md,1073
docs/PHASE_F21_AUTONOMY_AUDIT.md,docs,.md,1556
docs/PHASE_F21_CSF_CHANNEL.md,docs,.md,998
docs/PHASE_F21_CURVATURE.md,docs,.md,969
docs/PHASE_F21_DAM_BREAK_AUDIT.md,docs,.md,1145
docs/PHASE_F21_ENTANGLEMENT_AUDIT.md,docs,.md,849
docs/PHASE_F21_FINAL_DECISION.md,docs,.md,4933
docs/PHASE_F21_FIXED_POINT.md,docs,.md,892
docs/PHASE_F21_FORCE_AUDIT.md,docs,.md,979
docs/PHASE_F21_GRADIENT.md,docs,.md,1065
docs/PHASE_F21_MASTER_REPORT.md,docs,.md,1698
docs/PHASE_F21_RESOURCE_AUDIT.md,docs,.md,803
docs/PHASE_F21_SUPERPOSITION_AUDIT.md,docs,.md,886
docs/PHASE_F8_2X2_END_TO_END.md,docs,.md,4321
docs/PHASE_F8_SCIENTIFIC_AUDIT.md,docs,.md,5396
docs/PHASE_F9_BASELINE_FREEZE.md,docs,.md,865
docs/PHASE_F9_TRANSPARENCY_AUDIT.md,docs,.md,7322
docs/PHASE_F_COHERENT_PARAMETER_ORACLE.md,docs,.md,4134
docs/PHASE_F_COLLISION_ARCHITECTURE.md,docs,.md,4597
docs/PHASE_F_QUANTUM_CORE_REPORT.md,docs,.md,3554
docs/QLBM_ARCHITECTURE_COMPARISON_MATRIX.md,docs,.md,5421
docs/QLBM_DIRECT_ENCODING_COLLISION_AUDIT.md,docs,.md,2782
docs/QLBM_DIRECT_ENCODING_FOUNDATION.md,docs,.md,7142
docs/QLBM_DIRECT_ENCODING_RESOURCE_AUDIT.md,docs,.md,2183
docs/QLBM_DIRECT_ENCODING_SCIENTIFIC_AUDIT.md,docs,.md,4614
docs/QLBM_DIRECT_ENCODING_STATE_AUDIT.md,docs,.md,2742
docs/QLBM_ONE_NODE_COLLISION_AUDIT.md,docs,.md,5885
docs/QLBM_PHASE1_EXECUTIVE_REPORT.md,docs,.md,7047
docs/QLBM_PHASE2_ARITHMETIC_STREAMING.md,docs,.md,2294
docs/QLBM_QUANTUM_COLLISION_AUDIT.md,docs,.md,7354
hardware/__init__.py,hardware,.py,0
hardware/isa_transpile.py,hardware,.py,3423
hardware/preflight.py,hardware,.py,3353
quantum/__init__.py,quantum,.py,0
quantum/arithmetic_streaming.py,quantum,.py,6949
quantum/boundary_quantum.py,quantum,.py,4181
quantum/carleman_collision.py,quantum,.py,4749
quantum/carleman_quantum.py,quantum,.py,5196
quantum/carleman_two_phase_step.py,quantum,.py,6566
quantum/coherent_collision.py,quantum,.py,2502
quantum/coherent_force.py,quantum,.py,4214
quantum/coherent_moments.py,quantum,.py,4823
quantum/coherent_parameter_oracle.py,quantum,.py,6865
quantum/coherent_timestep.py,quantum,.py,11102
quantum/coherent_velocity.py,quantum,.py,3316
quantum/direct_two_phase_prototype.py,quantum,.py,14804
quantum/f15_autonomous_solver.py,quantum,.py,7532
quantum/f15_carleman_collision.py,quantum,.py,5038
quantum/f17_autonomous_solver.py,quantum,.py,6840
quantum/f17_reversible_collision.py,quantum,.py,4306
quantum/f17_reversible_primitives.py,quantum,.py,2419
quantum/f19_compute_output.py,quantum,.py,3520
quantum/f19_environment.py,quantum,.py,1498
quantum/f19_mode_retention.py,quantum,.py,3425
quantum/f19_solver.py,quantum,.py,5986
quantum/f19_superposition.py,quantum,.py,2606
quantum/f20_channel.py,quantum,.py,2013
quantum/f20_choi.py,quantum,.py,2063
quantum/f20_entanglement.py,quantum,.py,2155
quantum/f20_environment.py,quantum,.py,1135
quantum/f20_fixed_point.py,quantum,.py,3017
quantum/f20_kraus.py,quantum,.py,2132
quantum/f20_multistep.py,quantum,.py,1898
quantum/f20_solver.py,quantum,.py,5580
quantum/f20_superposition.py,quantum,.py,1734
quantum/f21_channel.py,quantum,.py,1294
quantum/f21_csf.py,quantum,.py,3605
quantum/f21_curvature.py,quantum,.py,1585
quantum/f21_environment.py,quantum,.py,1378
quantum/f21_fixed_point.py,quantum,.py,2154
quantum/f21_force.py,quantum,.py,1681
quantum/f21_gradient.py,quantum,.py,1611
quantum/f21_norm.py,quantum,.py,1872
quantum/f21_solver.py,quantum,.py,6763
quantum/f22_channel_solver.py,quantum,.py,7283
quantum/f22_entanglement_superposition.py,quantum,.py,4095
quantum/f22_environment.py,quantum,.py,1831
quantum/f22_mass_conservation.py,quantum,.py,3561
quantum/f22_precision.py,quantum,.py,2582
quantum/f22_quantum_state.py,quantum,.py,2304
quantum/f22_stinespring.py,quantum,.py,3728
quantum/f23_arbitrary_density_matrix.py,quantum,.py,2352
quantum/f23_environment_semantics.py,quantum,.py,1907
quantum/f23_equivalence_engine.py,quantum,.py,3945
quantum/f23_positivity_guard.py,quantum,.py,1487
quantum/f24_call_graph_forensics.py,quantum,.py,4330
quantum/f24_independent_reference.py,quantum,.py,4237
quantum/f24_momentum_audit.py,quantum,.py,2035
quantum/f24_resource_audit.py,quantum,.py,1907
quantum/f25_gate_resource_model.py,quantum,.py,4226
quantum/f25_reversible_primitives.py,quantum,.py,3752
quantum/f25_scaling_analysis.py,quantum,.py,3233
quantum/f26_optimized_bgk.py,quantum,.py,4229
quantum/f26_pareto_analysis.py,quantum,.py,3741
quantum/f26_workspace_scheduler.py,quantum,.py,3059
quantum/f27_circuit_ir.py,quantum,.py,4479
quantum/f27_cleanroom_reference.py,quantum,.py,4643
quantum/f27_gate_primitives.py,quantum,.py,3491
quantum/f27_local_node_circuit.py,quantum,.py,3580
quantum/f28_2x2_circuit.py,quantum,.py,5648
quantum/f28_cleanroom_2x2_reference.py,quantum,.py,4240
quantum/f29_cleanroom_reference.py,quantum,.py,4542
quantum/f29_scalable_circuit.py,quantum,.py,5177
quantum/f29_three_layer_validator.py,quantum,.py,3830
quantum/f30_cleanroom_reference.py,quantum,.py,4588
quantum/f30_scaling_engine.py,quantum,.py,6188
quantum/f31_cleanroom_reference.py,quantum,.py,4574
quantum/f31_reduced_architecture.py,quantum,.py,6829
quantum/f33_backend.py,quantum,.py,3920
quantum/f33_hardware_demo.py,quantum,.py,5134
quantum/f33_measurement.py,quantum,.py,2790
quantum/f33_state_preparation.py,quantum,.py,2118
quantum/f33_validation.py,quantum,.py,1976
quantum/f34_hardware_validation.py,quantum,.py,1823
quantum/f34_observables.py,quantum,.py,2069
quantum/f34_qpu_runner.py,quantum,.py,4951
quantum/f34_result_parser.py,quantum,.py,2161
quantum/f35_backend_discovery.py,quantum,.py,3023
quantum/f35_multi_layer_validator.py,quantum,.py,1905
quantum/f35_observables_reconstruction.py,quantum,.py,2057
quantum/f35_qpu_executor.py,quantum,.py,5790
quantum/f36_backend_discovery.py,quantum,.py,3018
quantum/f36_multi_layer_validator.py,quantum,.py,1905
quantum/f36_observables_reconstruction.py,quantum,.py,1870
quantum/f36_qpu_executor.py,quantum,.py,5804
quantum/f37_backend_discovery.py,quantum,.py,3018
quantum/f37_multi_layer_validator.py,quantum,.py,1905
quantum/f37_observables_reconstruction.py,quantum,.py,1870
quantum/f37_qpu_executor.py,quantum,.py,5804
quantum/f38_backend_discovery.py,quantum,.py,3024
quantum/f38_multi_layer_validator.py,quantum,.py,1905
quantum/f38_observables_reconstruction.py,quantum,.py,1870
quantum/f38_qpu_executor.py,quantum,.py,5853
quantum/force_quantum.py,quantum,.py,3455
quantum/level5_two_phase_carleman.py,quantum,.py,6755
quantum/level5_two_phase_quantum.py,quantum,.py,5441
quantum/level6_lifted_carleman.py,quantum,.py,9985
quantum/level6b_hybrid_solver.py,quantum,.py,10133
quantum/level7_coherent_multistep.py,quantum,.py,5922
quantum/observables_quantum.py,quantum,.py,3960
quantum/one_node_collision.py,quantum,.py,9609
quantum/parameterized_collision_oracle.py,quantum,.py,9652
quantum/phase_f11_scaled_solver.py,quantum,.py,12628
quantum/phase_f8_2x2_solver.py,quantum,.py,13477
quantum/physical_boundary_mask.py,quantum,.py,10843
quantum/quantum_force.py,quantum,.py,3350
quantum/quantum_moments.py,quantum,.py,4554
quantum/quantum_only_solver.py,quantum,.py,9207
quantum/reference_collision.py,quantum,.py,4316
quantum/state_preparation.py,quantum,.py,7757
quantum/streaming.py,quantum,.py,3391
quantum/timestep_quantum.py,quantum,.py,8949
quantum/transparency_audit.py,quantum,.py,6349
quantum/two_phase_boundary.py,quantum,.py,4263
quantum/two_phase_carleman.py,quantum,.py,6560
quantum/two_phase_encoding.py,quantum,.py,10672
quantum/unitary_dilation.py,quantum,.py,4446
requirements.txt,.,.txt,180
research/__init__.py,research,.py,31
research/ablation_studies/__init__.py,research/ablation_studies,.py,31
research/ablation_studies/approach_a_global_carleman.py,research/ablation_studies,.py,718
research/ablation_studies/approach_b_local_carleman.py,research/ablation_studies,.py,372
research/ablation_studies/approach_c_osslbm.py,research/ablation_studies,.py,552
research/ablation_studies/compare_three_approaches.py,research/ablation_studies,.py,1191
research/hardware_demos/01_block_encoding_demo.py,research/hardware_demos,.py,1332
research/hardware_demos/02_qsvt_demo.py,research/hardware_demos,.py,1331
research/hardware_demos/03_measurement_demo.py,research/hardware_demos,.py,555
research/hardware_demos/04_small_qlbm_state.py,research/hardware_demos,.py,732
research/hardware_demos/05_qae_scalar_demo.py,research/hardware_demos,.py,678
research/hardware_demos/__init__.py,research/hardware_demos,.py,31
research/noise_modeling/__init__.py,research/noise_modeling,.py,31
research/noise_modeling/shot_noise_analysis.py,research/noise_modeling,.py,6461
research/noise_modeling/test_shot_noise.py,research/noise_modeling,.py,1238
research/noise_modeling/test_shot_noise_statistics.py,research/noise_modeling,.py,2002
research/qsvt/__init__.py,research/qsvt,.py,31
research/qsvt/block_encoding.py,research/qsvt,.py,4466
research/qsvt/qsvt_solver.py,research/qsvt,.py,7159
research/qsvt/test_qsvt.py,research/qsvt,.py,1342
research/qsvt/test_qsvt_condition_spectrum.py,research/qsvt,.py,1889
results/.gitkeep,results,,0
results/classical/.gitkeep,results/classical,,0
results/classical/classical_fields.npz,results/classical,.npz,850
results/classical/classical_fields/phi.npy,results/classical/classical_fields,.npy,384
results/classical/classical_fields/rho.npy,results/classical/classical_fields,.npy,384
results/classical/classical_fields/u.npy,results/classical/classical_fields,.npy,640
results/comparison/.gitkeep,results/comparison,,0
results/comparison/comparison.json,results/comparison,.json,882
results/direct_arithmetic_streaming_metrics.csv,results,.csv,464
results/direct_encoding_resource_audit.csv,results,.csv,498
results/direct_encoding_scientific_audit.csv,results,.csv,1724
results/f34/job_metadata.json,results/f34,.json,258
results/f34/measurement_summary.json,results/f34,.json,25
results/f34/raw_counts.json,results/f34,.json,2
results/f34/validation_summary.json,results/f34,.json,28
results/f35/hardware_observables.json,results/f35,.json,2
results/f35/job_metadata.json,results/f35,.json,259
results/f35/measurement_summary.json,results/f35,.json,25
results/f35/raw_counts.json,results/f35,.json,2
results/f35/validation_summary.json,results/f35,.json,28
results/f36/hardware_observables.json,results/f36,.json,2
results/f36/job_metadata.json,results/f36,.json,259
results/f36/measurement_summary.json,results/f36,.json,25
results/f36/raw_counts.json,results/f36,.json,2
results/f36/validation_summary.json,results/f36,.json,28
results/f37/hardware_observables.json,results/f37,.json,2
results/f37/job_metadata.json,results/f37,.json,259
results/f37/measurement_summary.json,results/f37,.json,25
results/f37/raw_counts.json,results/f37,.json,2
results/f37/validation_summary.json,results/f37,.json,28
results/f38/RAW_HARDWARE_EVIDENCE.md,results/f38,.md,1406
results/f38/hardware_observables.json,results/f38,.json,2
results/f38/job_metadata.json,results/f38,.json,259
results/f38/measurement_summary.json,results/f38,.json,25
results/f38/raw_counts.json,results/f38,.json,2
results/f38/validation_summary.json,results/f38,.json,28
results/level4_benchmarks/dam_break_martin_moyce_comparison.png,results/level4_benchmarks,.png,470766
results/level4_benchmarks/grid_refinement_study.csv,results/level4_benchmarks,.csv,303
results/level5_audit_metrics.csv,results,.csv,2945
results/level5_carleman_validation.csv,results,.csv,1921
results/level5_carleman_validation.png,results,.png,336036
results/level5_hardware_resource_analysis.csv,results,.csv,358
results/level5_quantum_validation.csv,results,.csv,1965
results/level5_quantum_validation.png,results,.png,314358
results/level6_architecture_comparison.csv,results,.csv,2596
results/level6_error_budget.csv,results,.csv,986
results/level6_resource_estimates.csv,results,.csv,2434
results/level6a_carleman_local_error.csv,results,.csv,167
results/level6a_carleman_truncation.csv,results,.csv,384
results/level6a_mach_scaling.csv,results,.csv,119
results/level6a_measurement_comparison.csv,results,.csv,182
results/level6a_mode_comparison.csv,results,.csv,231
results/level6a_projection_error.csv,results,.csv,180
results/level6a_r_architecture_scores.csv,results,.csv,2239
results/level6a_r_block_encoding.csv,results,.csv,229
results/level6a_r_resource_comparison.csv,results,.csv,399
results/level6a_r_tensor_invariance.csv,results,.csv,246
results/level6a_stability_baseline.csv,results,.csv,721
results/level6a_tensor_consistency.csv,results,.csv,80
results/level6a_timestep_scaling.csv,results,.csv,59
results/level6b_control_experiments.csv,results,.csv,607
results/level6b_convergence_audit.csv,results,.csv,307
results/level6b_error_budget.csv,results,.csv,1080
results/level6b_error_origin.csv,results,.csv,1156
results/level6b_final_error_attribution.csv,results,.csv,943
results/level6b_final_grid_convergence.csv,results,.csv,452
results/level6b_final_hardware_audit.csv,results,.csv,793
results/level6b_final_quantum_audit.csv,results,.csv,572
results/level6b_final_reproducibility.csv,results,.csv,1017
results/level6b_force_audit.csv,results,.csv,309
results/level6b_grid_refinement.csv,results,.csv,333
results/level6b_hardware_metrics.csv,results,.csv,349
results/level6b_long_time_error.csv,results,.csv,387
results/level6b_mass_momentum.csv,results,.csv,1545
results/level6b_relaxation_audit.csv,results,.csv,263
results/level6b_resource_metrics.csv,results,.csv,650
results/level6b_timestep_metrics.csv,results,.csv,683
results/level6b_validation.csv,results,.csv,264
results/level7_architecture_scores.csv,results,.csv,683
results/level7_final_claim_matrix.csv,results,.csv,2233
results/level7_final_hardening_summary.csv,results,.csv,1847
results/level7_final_literature_matrix.csv,results,.csv,2322
results/level7_final_mach_scaling.csv,results,.csv,338
results/level7_final_multistep_error.csv,results,.csv,461
results/level7_final_resource_audit.csv,results,.csv,819
results/level7_final_status.csv,results,.csv,1224
results/level7_multistep_error.csv,results,.csv,332
results/level7_multistep_hardening.csv,results,.csv,777
results/level7_normalization_reconciliation.csv,results,.csv,952
results/level7_oaa_audit.csv,results,.csv,1376
results/level7_oaa_recalculation.csv,results,.csv,709
results/level7_oaa_resource_audit.csv,results,.csv,274
results/level7_operator_composition.csv,results,.csv,712
results/level7_qubit_audit.csv,results,.csv,808
results/level7_resource_metrics.csv,results,.csv,361
results/level7_success_probability.csv,results,.csv,580
results/level7_tensor_invariance.csv,results,.csv,571
results/phase_f10_boundary_kill_switch.csv,results,.csv,648
results/phase_f10_boundary_unitarity.csv,results,.csv,537
results/phase_f10_physical_metrics.csv,results,.csv,233
results/phase_f10_population_comparison.csv,results,.csv,694
results/phase_f10_resource_audit.csv,results,.csv,323
results/phase_f11_force_audit.csv,results,.csv,966
results/phase_f11_kill_switch.csv,results,.csv,599
results/phase_f11_mass_conservation.csv,results,.csv,528
results/phase_f11_parameter_audit.csv,results,.csv,1384
results/phase_f11_phase_coupling.csv,results,.csv,817
results/phase_f11_physical_metrics.csv,results,.csv,426
results/phase_f11_population_scaling.csv,results,.csv,1809
results/phase_f11_resource_audit.csv,results,.csv,533
results/phase_f11_stage_error.csv,results,.csv,667
results/phase_f11_velocity_audit.csv,results,.csv,1498
results/phase_f12_error_budget.csv,results,.csv,971
results/phase_f12_kill_switch.csv,results,.csv,592
results/phase_f12_multistep.csv,results,.csv,2987
results/phase_f12_quantum_hybrid_classification.csv,results,.csv,799
results/phase_f12_resource_audit.csv,results,.csv,456
results/phase_f13_error_budget.csv,results,.csv,940
results/phase_f13_hybrid_interface_audit.csv,results,.csv,696
results/phase_f13_kill_switch.csv,results,.csv,469
results/phase_f13_multistep.csv,results,.csv,1640
results/phase_f13_resource_audit.csv,results,.csv,456
results/phase_f14_coherence_audit.csv,results,.csv,983
results/phase_f14_error_budget.csv,results,.csv,945
results/phase_f14_kill_switch.csv,results,.csv,469
results/phase_f14_multistep.csv,results,.csv,1299
results/phase_f14_resource_audit.csv,results,.csv,456
results/phase_f14_unitarity.csv,results,.csv,247
results/phase_f15_architecture_comparison.csv,results,.csv,652
results/phase_f15_coherence_trace.csv,results,.csv,1346
results/phase_f15_dilation_power_audit.csv,results,.csv,380
results/phase_f15_error_budget.csv,results,.csv,562
results/phase_f15_error_budget_forensic.csv,results,.csv,675
results/phase_f15_kill_switch.csv,results,.csv,259
results/phase_f15_manifold_audit.csv,results,.csv,281
results/phase_f15_manifold_trajectory.csv,results,.csv,373
results/phase_f15_multistep.csv,results,.csv,1269
results/phase_f15_resource_audit.csv,results,.csv,456
results/phase_f15_static_operator_audit.csv,results,.csv,474
results/phase_f16_architecture_comparison.csv,results,.csv,487
results/phase_f16_autonomy_audit.csv,results,.csv,896
results/phase_f16_carleman_orders.csv,results,.csv,889
results/phase_f16_error_budget.csv,results,.csv,1283
results/phase_f16_manifold_analysis.csv,results,.csv,663
results/phase_f16_polynomial_approximation.csv,results,.csv,574
results/phase_f16_resource_comparison.csv,results,.csv,662
results/phase_f16_reversible_arithmetic.csv,results,.csv,982
results/phase_f17_ancilla_garbage.csv,results,.csv,554
results/phase_f17_autonomy_audit.csv,results,.csv,832
results/phase_f17_collision_accuracy.csv,results,.csv,370
results/phase_f17_fixed_point_convergence.csv,results,.csv,242
results/phase_f17_kill_switch.csv,results,.csv,423
results/phase_f17_multistep.csv,results,.csv,1289
results/phase_f17_physical_validation.csv,results,.csv,278
results/phase_f17_resource_audit.csv,results,.csv,330
results/phase_f17_unitarity.csv,results,.csv,537
results/phase_f18_autonomy.csv,results,.csv,504
results/phase_f18_bijectivity.csv,results,.csv,484
results/phase_f18_kill_switch.csv,results,.csv,257
results/phase_f18_multistep.csv,results,.csv,728
results/phase_f18_physical_equivalence.csv,results,.csv,480
results/phase_f18_physics.csv,results,.csv,756
results/phase_f18_resource_audit.csv,results,.csv,257
results/phase_f18_unitarity.csv,results,.csv,507
results/phase_f19_architecture_comparison.csv,results,.csv,714
results/phase_f19_autonomy.csv,results,.csv,448
results/phase_f19_bijectivity.csv,results,.csv,476
results/phase_f19_information.csv,results,.csv,553
results/phase_f19_kill_switch.csv,results,.csv,257
results/phase_f19_multistep.csv,results,.csv,699
results/phase_f19_physical_equivalence.csv,results,.csv,401
results/phase_f19_resources.csv,results,.csv,193
results/phase_f19_superposition.csv,results,.csv,307
results/phase_f9_dependency_audit.csv,results,.csv,2043
results/phase_f9_kill_switch_audit.csv,results,.csv,746
results/phase_f9_runtime_event_trace.csv,results,.csv,259
results/plots/.gitkeep,results/plots,,0
results/plots/dam_break_comparison.png,results/plots,.png,219660
results/qlbm_architecture_comparison.csv,results,.csv,3514
results/qlbm_collision_architecture_comparison.csv,results,.csv,1738
results/qlbm_collision_c1_block_encoding.csv,results,.csv,341
results/qlbm_collision_c3_mach_scaling.csv,results,.csv,299
results/qlbm_direct_encoding_validation.csv,results,.csv,883
results/qlbm_direct_hardware_metrics.csv,results,.csv,279
results/qlbm_one_node_collision_comparison.csv,results,.csv,742
results/qlbm_one_node_parameter_sweep.csv,results,.csv,1496
results/qlbm_phase_f8_leakage_audit.csv,results,.csv,682
results/qlbm_phase_f8_multistep_progression.csv,results,.csv,1011
results/qlbm_phase_f8_resource_audit.csv,results,.csv,302
results/qlbm_phase_f8_twomodes_comparison.csv,results,.csv,675
results/qlbm_phase_f_coherent_moment_scaling.csv,results,.csv,488
results/qlbm_phase_f_parameterized_sweep.csv,results,.csv,1445
results/qlbm_phase_f_quantum_oracle_metrics.csv,results,.csv,501
results/qlbm_phase_f_reference_validation.csv,results,.csv,700
results/qlbm_quantum_moment_readout.csv,results,.csv,666
results/quantum/.gitkeep,results/quantum,,0
results/quantum/quantum_fields.npz,results/quantum,.npz,905
results/quantum/quantum_fields/phi.npy,results/quantum/quantum_fields,.npy,384
results/quantum/quantum_fields/rho.npy,results/quantum/quantum_fields,.npy,384
results/quantum/quantum_fields/u.npy,results/quantum/quantum_fields,.npy,640
run.py,.,.py,12681
scripts/run_arithmetic_streaming_validation.py,scripts,.py,3873
scripts/run_collision_architecture_investigation.py,scripts,.py,10402
scripts/run_direct_encoding_benchmark.py,scripts,.py,12930
scripts/run_direct_encoding_scientific_audit.py,scripts,.py,6865
scripts/run_level4_grid_refinement.py,scripts,.py,6582
scripts/run_level5_audit_verification.py,scripts,.py,7219
scripts/run_level5_carleman_validation.py,scripts,.py,7399
scripts/run_level5_hardware_analysis.py,scripts,.py,5825
scripts/run_level5_quantum_validation.py,scripts,.py,8439
scripts/run_level6_architecture_analysis.py,scripts,.py,6372
scripts/run_level6_error_analysis.py,scripts,.py,4596
scripts/run_level6_resource_analysis.py,scripts,.py,4201
scripts/run_level6a_r_resolution_analysis.py,scripts,.py,14204
scripts/run_level6a_stability_analysis.py,scripts,.py,16782
scripts/run_level6a_validation.py,scripts,.py,8372
scripts/run_level6b_final_verification.py,scripts,.py,18531
scripts/run_level6b_hardware_transpilation.py,scripts,.py,6390
scripts/run_level6b_scientific_audit.py,scripts,.py,19730
scripts/run_level6b_validation.py,scripts,.py,13442
scripts/run_level7_final_audit.py,scripts,.py,14139
scripts/run_level7_final_literature_audit.py,scripts,.py,12992
scripts/run_level7_hardening_verification.py,scripts,.py,11984
scripts/run_level7_investigation.py,scripts,.py,15742
scripts/run_one_node_collision_audit.py,scripts,.py,7132
scripts/run_phase_f10_boundary_audit.py,scripts,.py,13035
scripts/run_phase_f11_validation.py,scripts,.py,16095
scripts/run_phase_f12_audit.py,scripts,.py,12134
scripts/run_phase_f12_quantum_solver.py,scripts,.py,2195
scripts/run_phase_f13_audit.py,scripts,.py,11232
scripts/run_phase_f13_coherent_solver.py,scripts,.py,2118
scripts/run_phase_f14_audit.py,scripts,.py,15226
scripts/run_phase_f15_audit.py,scripts,.py,11614
scripts/run_phase_f15_forensic_gate.py,scripts,.py,10745
scripts/run_phase_f16_audit.py,scripts,.py,20766
scripts/run_phase_f17_audit.py,scripts,.py,12444
scripts/run_phase_f17_autonomy_audit.py,scripts,.py,3572
scripts/run_phase_f18_forensic_gate.py,scripts,.py,13878
scripts/run_phase_f19_reversible_embedding.py,scripts,.py,12702
scripts/run_phase_f20_channel_equivalence.py,scripts,.py,5378
scripts/run_phase_f21_csf.py,scripts,.py,5522
scripts/run_phase_f22_validation.py,scripts,.py,5398
scripts/run_phase_f23_full_equivalence.py,scripts,.py,4093
scripts/run_phase_f24_forensics.py,scripts,.py,4112
scripts/run_phase_f25_feasibility.py,scripts,.py,4325
scripts/run_phase_f26_optimization.py,scripts,.py,3610
scripts/run_phase_f27_validation.py,scripts,.py,4709
scripts/run_phase_f28_audit_2x2.py,scripts,.py,5823
scripts/run_phase_f29_validation.py,scripts,.py,4602
scripts/run_phase_f30_scaling.py,scripts,.py,3882
scripts/run_phase_f31_reduction.py,scripts,.py,5076
scripts/run_phase_f33_ideal.py,scripts,.py,1181
scripts/run_phase_f33_noisy.py,scripts,.py,1226
scripts/run_phase_f33_qpu.py,scripts,.py,1103
scripts/run_phase_f33_validation.py,scripts,.py,3132
scripts/run_phase_f34_dryrun.py,scripts,.py,899
scripts/run_phase_f34_ideal.py,scripts,.py,774
scripts/run_phase_f34_noisy.py,scripts,.py,907
scripts/run_phase_f34_qpu.py,scripts,.py,964
scripts/run_phase_f34_validate.py,scripts,.py,2443
scripts/run_phase_f35_discovery.py,scripts,.py,1078
scripts/run_phase_f35_dryrun.py,scripts,.py,896
scripts/run_phase_f35_ideal.py,scripts,.py,768
scripts/run_phase_f35_noisy.py,scripts,.py,894
scripts/run_phase_f35_qpu.py,scripts,.py,962
scripts/run_phase_f35_validation.py,scripts,.py,2625
scripts/run_phase_f36_discovery.py,scripts,.py,1078
scripts/run_phase_f36_dryrun.py,scripts,.py,896
scripts/run_phase_f36_ideal.py,scripts,.py,768
scripts/run_phase_f36_noisy.py,scripts,.py,894
scripts/run_phase_f36_qpu.py,scripts,.py,962
scripts/run_phase_f36_validation.py,scripts,.py,2683
scripts/run_phase_f37_discovery.py,scripts,.py,1078
scripts/run_phase_f37_dryrun.py,scripts,.py,896
scripts/run_phase_f37_ideal.py,scripts,.py,768
scripts/run_phase_f37_noisy.py,scripts,.py,894
scripts/run_phase_f37_qpu.py,scripts,.py,962
scripts/run_phase_f37_validation.py,scripts,.py,2683
scripts/run_phase_f38_discovery.py,scripts,.py,1078
scripts/run_phase_f38_dryrun.py,scripts,.py,896
scripts/run_phase_f38_ideal.py,scripts,.py,768
scripts/run_phase_f38_noisy.py,scripts,.py,894
scripts/run_phase_f38_qpu.py,scripts,.py,981
scripts/run_phase_f38_validation.py,scripts,.py,2683
scripts/run_phase_f8_2x2_audit.py,scripts,.py,7463
scripts/run_phase_f9_transparency_audit.py,scripts,.py,7370
scripts/run_phase_f_quantum_core_audit.py,scripts,.py,8847
tests/test_arithmetic_streaming.py,tests,.py,4278
tests/test_boundary_unitarity.py,tests,.py,5498
tests/test_carleman_quantum.py,tests,.py,2448
tests/test_direct_encoding_scientific_audit.py,tests,.py,3487
tests/test_direct_two_phase_prototype.py,tests,.py,6831
tests/test_end_to_end.py,tests,.py,1324
tests/test_f20_autonomy.py,tests,.py,750
tests/test_f20_channel.py,tests,.py,741
tests/test_f20_choi.py,tests,.py,689
tests/test_f20_entanglement.py,tests,.py,683
tests/test_f20_environment.py,tests,.py,546
tests/test_f20_fixed_point.py,tests,.py,754
tests/test_f20_kraus.py,tests,.py,506
tests/test_f20_multistep.py,tests,.py,714
tests/test_f20_superposition.py,tests,.py,1016
tests/test_f20_two_phase.py,tests,.py,607
tests/test_f21_autonomy.py,tests,.py,803
tests/test_f21_channel.py,tests,.py,597
tests/test_f21_csf.py,tests,.py,863
tests/test_f21_curvature.py,tests,.py,839
tests/test_f21_droplet.py,tests,.py,943
tests/test_f21_environment.py,tests,.py,426
tests/test_f21_fixed_point.py,tests,.py,630
tests/test_f21_force.py,tests,.py,979
tests/test_f21_forensic_corrections.py,tests,.py,1672
tests/test_f21_gradient.py,tests,.py,916
tests/test_f21_multistep.py,tests,.py,950
tests/test_f21_norm.py,tests,.py,1015
tests/test_f21_two_phase.py,tests,.py,683
tests/test_f22_entanglement_superposition.py,tests,.py,1116
tests/test_f22_mass_conservation.py,tests,.py,817
tests/test_f22_multistep_channel.py,tests,.py,917
tests/test_f22_precision.py,tests,.py,736
tests/test_f22_quantum_state.py,tests,.py,1384
tests/test_f22_stinespring.py,tests,.py,1013
tests/test_f23_arbitrary_density.py,tests,.py,709
tests/test_f23_environment_semantics.py,tests,.py,572
tests/test_f23_equivalence.py,tests,.py,593
tests/test_f23_multistep_full.py,tests,.py,673
tests/test_f23_positivity.py,tests,.py,944
tests/test_f24_channel_linearity.py,tests,.py,1051
tests/test_f24_independent_monte_carlo.py,tests,.py,614
tests/test_f24_momentum_invariance.py,tests,.py,692
tests/test_f24_resource_audit.py,tests,.py,645
tests/test_f25_gate_resource_model.py,tests,.py,946
tests/test_f25_reversible_primitives.py,tests,.py,2089
tests/test_f25_scaling_analysis.py,tests,.py,842
tests/test_f26_optimized_bgk.py,tests,.py,998
tests/test_f26_pareto_analysis.py,tests,.py,884
tests/test_f26_workspace_scheduler.py,tests,.py,638
tests/test_f27_environment_semantics.py,tests,.py,557
tests/test_f27_independent_reference.py,tests,.py,528
tests/test_f27_inverse_circuits.py,tests,.py,717
tests/test_f27_noninjective_collision.py,tests,.py,1421
tests/test_f27_precision.py,tests,.py,513
tests/test_f27_register_spec.py,tests,.py,543
tests/test_f27_resource_validation.py,tests,.py,508
tests/test_f27_reversible_circuits.py,tests,.py,1031
tests/test_f27_stinespring.py,tests,.py,1040
tests/test_f27_workspace_reuse.py,tests,.py,471
tests/test_f28_2x2_circuit.py,tests,.py,843
tests/test_f28_2x2_inverse.py,tests,.py,910
tests/test_f28_boundary_integration.py,tests,.py,613
tests/test_f28_cleanroom_reference.py,tests,.py,559
tests/test_f28_conservation.py,tests,.py,915
tests/test_f28_end_to_end_equivalence.py,tests,.py,1241
tests/test_f28_environment_reuse.py,tests,.py,984
tests/test_f28_f27_claim_audit.py,tests,.py,835
tests/test_f28_failure_modes.py,tests,.py,1053
tests/test_f28_resource_accounting.py,tests,.py,578
tests/test_f28_streaming_integration.py,tests,.py,767
tests/test_f29_4x4_circuit.py,tests,.py,1031
tests/test_f29_8x8_circuit.py,tests,.py,1031
tests/test_f29_autonomy_audit.py,tests,.py,746
tests/test_f29_cleanroom_equivalence.py,tests,.py,528
tests/test_f29_conservation.py,tests,.py,783
tests/test_f29_multi_timestep.py,tests,.py,905
tests/test_f29_resource_scaling.py,tests,.py,640
tests/test_f29_three_layer_validation.py,tests,.py,816
tests/test_f30_autonomy_audit.py,tests,.py,631
tests/test_f30_cleanroom_reference.py,tests,.py,648
tests/test_f30_component_breakdown.py,tests,.py,580
tests/test_f30_large_lattice_extrapolation.py,tests,.py,604
tests/test_f30_multi_timestep_convergence.py,tests,.py,815
tests/test_f30_precision_pareto.py,tests,.py,550
tests/test_f30_spatial_scaling.py,tests,.py,803
tests/test_f31_arithmetic_optimization.py,tests,.py,461
tests/test_f31_autonomy_audit.py,tests,.py,668
tests/test_f31_cleanroom_equivalence.py,tests,.py,1132
tests/test_f31_environment_compression.py,tests,.py,783
tests/test_f31_multi_timestep_conservation.py,tests,.py,889
tests/test_f31_reduced_architecture_inversion.py,tests,.py,1209
tests/test_f31_workspace_bounds.py,tests,.py,351
tests/test_f33_backend_safety.py,tests,.py,434
tests/test_f33_ideal_equivalence.py,tests,.py,584
tests/test_f33_measurement.py,tests,.py,1032
tests/test_f33_noise_model.py,tests,.py,533
tests/test_f33_state_preparation.py,tests,.py,492
tests/test_f33_validation.py,tests,.py,536
tests/test_f34_ideal_reference.py,tests,.py,557
tests/test_f34_observables.py,tests,.py,608
tests/test_f34_qpu_safety.py,tests,.py,867
tests/test_f34_result_parsing.py,tests,.py,1040
tests/test_f34_validation.py,tests,.py,544
tests/test_f35_backend_discovery.py,tests,.py,691
tests/test_f35_observables.py,tests,.py,619
tests/test_f35_qpu_safety.py,tests,.py,883
tests/test_f35_validation.py,tests,.py,546
tests/test_f36_backend_discovery.py,tests,.py,691
tests/test_f36_observables.py,tests,.py,619
tests/test_f36_qpu_safety.py,tests,.py,883
tests/test_f36_validation.py,tests,.py,546
tests/test_f37_backend_discovery.py,tests,.py,691
tests/test_f37_observables.py,tests,.py,619
tests/test_f37_qpu_safety.py,tests,.py,883
tests/test_f37_validation.py,tests,.py,581
tests/test_f38_backend_discovery.py,tests,.py,691
tests/test_f38_observables.py,tests,.py,619
tests/test_f38_qpu_safety.py,tests,.py,883
tests/test_f38_validation.py,tests,.py,581
tests/test_force_quantum.py,tests,.py,2020
tests/test_full_quantum_step.py,tests,.py,1398
tests/test_level4_two_phase.py,tests,.py,4424
tests/test_level5_carleman.py,tests,.py,3208
tests/test_level5_quantum.py,tests,.py,2902
tests/test_level6_architecture.py,tests,.py,3648
tests/test_level6a_lifted_carleman.py,tests,.py,6670
tests/test_level6a_r_architectures.py,tests,.py,1699
tests/test_level6a_r_block_encoding.py,tests,.py,2318
tests/test_level6a_r_invariance.py,tests,.py,2412
tests/test_level6a_r_streaming.py,tests,.py,1690
tests/test_level6a_stability.py,tests,.py,5428
tests/test_level6b_csf.py,tests,.py,1205
tests/test_level6b_hybrid.py,tests,.py,2045
tests/test_level6b_scientific_audit.py,tests,.py,2972
tests/test_level6b_streaming.py,tests,.py,1217
tests/test_level6b_timestep.py,tests,.py,1242
tests/test_level6b_validation.py,tests,.py,1907
tests/test_level7_coherent_streaming.py,tests,.py,976
tests/test_level7_final_audit.py,tests,.py,2199
tests/test_level7_literature_audit.py,tests,.py,2286
tests/test_level7_multistep_prototype.py,tests,.py,1469
tests/test_level7_operator_composition.py,tests,.py,1861
tests/test_level7_tensor_invariance.py,tests,.py,2379
tests/test_observables.py,tests,.py,2776
tests/test_one_node_collision.py,tests,.py,6940
tests/test_phase_f10_boundaries.py,tests,.py,5073
tests/test_phase_f11_multiphase.py,tests,.py,7762
tests/test_phase_f12_coherent_timestep.py,tests,.py,1863
tests/test_phase_f12_force.py,tests,.py,809
tests/test_phase_f12_parameter_oracle.py,tests,.py,1586
tests/test_phase_f12_quantum_moments.py,tests,.py,1738
tests/test_phase_f13_coherent_collision.py,tests,.py,768
tests/test_phase_f13_coherent_force.py,tests,.py,643
tests/test_phase_f13_coherent_moments.py,tests,.py,1728
tests/test_phase_f13_coherent_timestep.py,tests,.py,1753
tests/test_phase_f13_coherent_velocity.py,tests,.py,872
tests/test_phase_f14_forensic_audit.py,tests,.py,649
tests/test_phase_f14_quantum_only.py,tests,.py,1516
tests/test_phase_f14_unitarity.py,tests,.py,946
tests/test_phase_f15_autonomous_solver.py,tests,.py,1139
tests/test_phase_f15_carleman.py,tests,.py,1132
tests/test_phase_f15_manifold.py,tests,.py,691
tests/test_phase_f17_autonomous_solver.py,tests,.py,1222
tests/test_phase_f17_reversible_collision.py,tests,.py,994
tests/test_phase_f17_reversible_primitives.py,tests,.py,1367
tests/test_phase_f19_autonomy.py,tests,.py,721
tests/test_phase_f19_bijectivity.py,tests,.py,1190
tests/test_phase_f19_compute_output.py,tests,.py,897
tests/test_phase_f19_environment.py,tests,.py,836
tests/test_phase_f19_information.py,tests,.py,585
tests/test_phase_f19_physical_equivalence.py,tests,.py,900
tests/test_phase_f19_resources.py,tests,.py,316
tests/test_phase_f19_superposition.py,tests,.py,1067
tests/test_phase_f19_two_phase.py,tests,.py,582
tests/test_phase_f8_2x2_solver.py,tests,.py,5824
tests/test_phase_f9_transparency.py,tests,.py,9725
tests/test_phase_f_quantum_collision.py,tests,.py,6226
tests/test_quantum_collision_investigation.py,tests,.py,6216
tests/test_state_preparation.py,tests,.py,3063
tests/test_streaming_unitarity.py,tests,.py,1665
validation_results.csv,.,.csv,1850
