Metric,Pre_Consolidation_State,Post_Consolidation_State,Status
Total Tracked Files,388,388,100% Preserved (0 deleted)
Passing Pytest Suite,336 / 336 (100%),336 / 336 (100%),100% Preserved
Level-6B SHA-256 Checksum,2a306f5a413945adc1acd10f3f63340c3d3617e4ef1c94981a92e8ebad8742c8,2a306f5a413945adc1acd10f3f63340c3d3617e4ef1c94981a92e8ebad8742c8,Exact Match (100% Intact)
Historical Branches,10 active/remote branches,10 active/remote branches,100% Accessible
Failed Research Artifacts (F15/F18),Fully Preserved in Tree,Fully Preserved in Tree,100% Documented & Retained
Scientific Status Classification,LEVEL B,LEVEL B,Consistent & Unchanged
Research Archive Integrity (/home/aswa/Research/QLBM-DamBreak),Untouched on master,Untouched on master,100% Read-Only & Untouched
Professor Release Branch (professor/final-research-code),Frozen,Frozen,100% Frozen & Untouched
Zero-Loss Verification,N/A,VERIFIED (0 capabilities lost),COMPLETE RECOVERY
